,Precision,Matrix product
282,0.008143889534663365,Pd.X.T.H.P.T.H.P.T.H.T.H.T.H.T.H.Td.Z.H.T.H.T.H.Td.Z.H.T.H.T.H.Td.Z.H.Td.Z.H.Td.Z.H.T.H.Td.Z
283,0.007759736026710116,X.T.H.T.H.T.H.Td.Z.H.T.H.T.H.T.H.T.H.Td.Z.H.T.H.T.H.Td.Z.H.T.H.T.H.Td.Z.H.Td.Z.H.T.H.Td.Z.H.Td.Z.H.Td.Z.H.T
284,0.005120636377169485,H.P.T.H.T.H.Td.Z.H.Td.Z.H.T.H.Td.Z.H.T.H.T.H.Td.Z.H.Td.Z.H.T.H.Td.Z.H.Td.Z.H.Td.Z.H.Td.Z.H.Td.Z.H.T.H.Td.Z.H.Td.Z.H.T.H.T
285,0.002937341153566611,H.P.X.T.H.P.T.H.Td.Z.H.Td.Z.H.Td.Z.H.Td.Z.H.Td.Z.H.Td.Z.H.Td.Z.H.Td.Z.H.Td.Z.H.T.H.T.H.Td.Z.H.T.H.T.H.Td.Z.H.T.H.T.H.Td.Z.H.T.H.T
286,0.0007541397166073235,Z.T.H.Pd.T.H.T.H.T.H.Td.Z.H.Td.Z.H.T.H.T.H.T.H.T.H.T.H.T.H.Td.Z.H.T.H.Td.Z.H.Td.Z.H.T.H.Td.Z.H.T.H.Td.Z.H.Td.Z.H.Td.Z.H.Td.Z.H.P
287,0.0005062073549107961,Pd.H.P.T.H.T.H.T.H.Td.Z.H.Td.Z.H.Td.Z.H.Td.Z.H.Td.Z.H.Td.Z.H.Td.Z.H.Td.Z.H.Td.Z.H.T.H.Td.Z.H.Td.Z.H.T.H.Td.Z.H.Td.Z.H.Td.Z.H.Td.Z.H.Td.Z.H.Td.Z.H.Td.Z.H.Td.Z.H.Td.Z.H.T.H.T.H.Td.Z.H.P
288,0.00043842287594779715,H.X.T.H.P.T.H.Td.Z.H.Td.Z.H.T.H.Td.Z.H.T.H.T.H.T.H.Td.Z.H.Td.Z.H.Td.Z.H.Td.Z.H.Td.Z.H.Td.Z.H.T.H.T.H.Td.Z.H.T.H.T.H.Td.Z.H.Td.Z.H.Td.Z.H.T.H.T.H.Td.Z.H.Td.Z.H.T.H.T.H.T.H.Td.Z.H.T
289,0.00033523851078972493,P.H.T.H.P.T.H.Td.Z.H.T.H.Td.Z.H.T.H.T.H.T.H.Td.Z.H.Td.Z.H.T.H.T.H.Td.Z.H.T.H.T.H.Td.Z.H.T.H.T.H.Td.Z.H.Td.Z.H.Td.Z.H.T.H.T.H.T.H.Td.Z.H.Td.Z.H.T.H.T.H.Td.Z.H.Td.Z.H.T.H.T.H.T.H.Id
290,0.00031254505511780307,H.P.T.H.T.H.Td.Z.H.T.H.Td.Z.H.Td.Z.H.T.H.Td.Z.H.T.H.T.H.T.H.Td.Z.H.T.H.Td.Z.H.T.H.T.H.Td.Z.H.T.H.Td.Z.H.Td.Z.H.Td.Z.H.T.H.T.H.Td.Z.H.Td.Z.H.T.H.Td.Z.H.Td.Z.H.T.H.T.H.T.H.T.H.Td.Z.H.T.H.Id
291,0.00023879134976811397,H.P.X.T.H.P.T.H.T.H.T.H.T.H.T.H.Td.Z.H.T.H.Td.Z.H.T.H.T.H.Td.Z.H.T.H.T.H.T.H.Td.Z.H.Td.Z.H.Td.Z.H.T.H.T.H.T.H.T.H.T.H.Td.Z.H.T.H.Td.Z.H.Td.Z.H.Td.Z.H.Td.Z.H.T.H.Td.Z.H.T.H.T.H.T.H.T.H.P
292,0.0001889609481089516,P.H.P.T.H.P.T.H.T.H.Td.Z.H.Td.Z.H.T.H.T.H.Td.Z.H.T.H.T.H.Td.Z.H.Td.Z.H.T.H.T.H.Td.Z.H.T.H.Td.Z.H.T.H.Td.Z.H.Td.Z.H.T.H.Td.Z.H.Td.Z.H.Td.Z.H.Td.Z.H.Td.Z.H.T.H.Td.Z.H.T.H.T.H.Td.Z.H.T.H.T.H.T.H.Td.Z.H.Td.Z.H.P
293,5.932477141646659e-05,P.H.Pd.T.H.P.T.H.T.H.T.H.T.H.T.H.T.H.T.H.T.H.T.H.Td.Z.H.Td.Z.H.Td.Z.H.Td.Z.H.T.H.Td.Z.H.T.H.T.H.T.H.T.H.Td.Z.H.T.H.T.H.T.H.T.H.T.H.Td.Z.H.T.H.T.H.T.H.T.H.T.H.T.H.Td.Z.H.Td.Z.H.T.H.Td.Z.H.Id
294,4.779921366027478e-05,P.H.Z.T.H.T.H.Td.Z.H.T.H.Td.Z.H.Td.Z.H.T.H.T.H.T.H.T.H.Td.Z.H.T.H.Td.Z.H.T.H.Td.Z.H.Td.Z.H.Td.Z.H.T.H.T.H.Td.Z.H.Td.Z.H.Td.Z.H.Td.Z.H.T.H.T.H.T.H.Td.Z.H.T.H.Td.Z.H.T.H.Td.Z.H.Td.Z.H.Td.Z.H.Td.Z.H.T.H.T.H.Td.Z.H.T.H.Td.Z.H.Td.Z.H.P
295,2.1822339375103373e-05,Y.T.H.T.H.P.T.H.Td.Z.H.Td.Z.H.Td.Z.H.Td.Z.H.T.H.T.H.Td.Z.H.T.H.Td.Z.H.Td.Z.H.Td.Z.H.Td.Z.H.T.H.T.H.Td.Z.H.Td.Z.H.Td.Z.H.T.H.Td.Z.H.Td.Z.H.T.H.T.H.T.H.Td.Z.H.T.H.Td.Z.H.T.H.T.H.T.H.T.H.Td.Z.H.T.H.T.H.T.H.Td.Z.H.T.H.T.H.T.H.Id
296,1.4268118701605395e-05,Pd.H.Pd.T.H.T.H.T.H.Td.Z.H.T.H.Td.Z.H.T.H.T.H.T.H.T.H.Td.Z.H.T.H.Td.Z.H.Td.Z.H.T.H.T.H.T.H.T.H.Td.Z.H.Td.Z.H.Td.Z.H.T.H.Td.Z.H.T.H.T.H.T.H.Td.Z.H.Td.Z.H.Td.Z.H.Td.Z.H.Td.Z.H.Td.Z.H.T.H.Td.Z.H.Td.Z.H.Td.Z.H.T.H.T.H.T.H.T.H.T.H.Td.Z.H.Td.Z.H.Id
297,6.98186177903529e-06,P.H.T.H.T.H.Td.Z.H.T.H.T.H.Td.Z.H.T.H.T.H.Td.Z.H.T.H.T.H.T.H.T.H.T.H.Td.Z.H.T.H.T.H.T.H.Td.Z.H.Td.Z.H.Td.Z.H.T.H.T.H.Td.Z.H.Td.Z.H.Td.Z.H.T.H.Td.Z.H.Td.Z.H.T.H.T.H.Td.Z.H.T.H.T.H.Td.Z.H.Td.Z.H.Td.Z.H.Td.Z.H.T.H.T.H.Td.Z.H.Td.Z.H.T.H.T.H.Td.Z.H.Td.Z.H.P
298,5.575358783938829e-06,Pd.H.T.H.P.T.H.T.H.T.H.T.H.T.H.T.H.Td.Z.H.Td.Z.H.Td.Z.H.T.H.T.H.Td.Z.H.T.H.Td.Z.H.Td.Z.H.T.H.Td.Z.H.Td.Z.H.T.H.Td.Z.H.T.H.Td.Z.H.Td.Z.H.T.H.T.H.Td.Z.H.Td.Z.H.T.H.Td.Z.H.Td.Z.H.Td.Z.H.Td.Z.H.Td.Z.H.Td.Z.H.T.H.Td.Z.H.T.H.Td.Z.H.Td.Z.H.Td.Z.H.Td.Z.H.Td.Z.H.Td.Z.H.Td.Z.H.Td.Z.H.Td.Z.H.T.H.Td.Z.H.T.H.P
299,3.7594452422310227e-06,H.Z.T.H.T.H.T.H.T.H.T.H.T.H.Td.Z.H.Td.Z.H.Td.Z.H.Td.Z.H.T.H.Td.Z.H.T.H.Td.Z.H.T.H.T.H.T.H.T.H.Td.Z.H.Td.Z.H.T.H.T.H.Td.Z.H.Td.Z.H.T.H.Td.Z.H.T.H.Td.Z.H.T.H.T.H.T.H.T.H.Td.Z.H.Td.Z.H.Td.Z.H.T.H.Td.Z.H.T.H.T.H.T.H.Td.Z.H.Td.Z.H.T.H.Td.Z.H.T.H.T.H.T.H.T.H.T.H.T.H.T.H.P
300,2.4216475658628325e-06,H.T.H.T.H.T.H.T.H.Td.Z.H.Td.Z.H.T.H.T.H.Td.Z.H.T.H.T.H.Td.Z.H.Td.Z.H.Td.Z.H.Td.Z.H.T.H.T.H.T.H.Td.Z.H.Td.Z.H.T.H.Td.Z.H.Td.Z.H.T.H.T.H.T.H.T.H.T.H.Td.Z.H.T.H.T.H.Td.Z.H.T.H.Td.Z.H.Td.Z.H.Td.Z.H.Td.Z.H.T.H.T.H.T.H.Td.Z.H.T.H.Td.Z.H.T.H.T.H.T.H.Td.Z.H.Td.Z.H.T.H.Td.Z.H.Td.Z.H.T.H.T.H.P
301,2.412194113285407e-06,P.H.Z.T.H.P.T.H.Td.Z.H.T.H.T.H.Td.Z.H.T.H.Td.Z.H.T.H.Td.Z.H.T.H.Td.Z.H.Td.Z.H.Td.Z.H.Td.Z.H.T.H.T.H.T.H.Td.Z.H.Td.Z.H.T.H.T.H.Td.Z.H.T.H.T.H.Td.Z.H.T.H.T.H.Td.Z.H.Td.Z.H.T.H.Td.Z.H.Td.Z.H.Td.Z.H.Td.Z.H.Td.Z.H.Td.Z.H.Td.Z.H.Td.Z.H.T.H.T.H.Td.Z.H.T.H.Td.Z.H.Td.Z.H.T.H.T.H.T.H.T.H.T.H.T.H.Td.Z.H.T.H.Td.Z.H.P
302,1.913944805133716e-06,H.P.T.H.T.H.Td.Z.H.Td.Z.H.Td.Z.H.Td.Z.H.Td.Z.H.T.H.T.H.Td.Z.H.T.H.Td.Z.H.T.H.Td.Z.H.T.H.T.H.Td.Z.H.T.H.Td.Z.H.Td.Z.H.T.H.Td.Z.H.T.H.Td.Z.H.T.H.Td.Z.H.T.H.Td.Z.H.Td.Z.H.T.H.Td.Z.H.Td.Z.H.T.H.Td.Z.H.T.H.T.H.Td.Z.H.Td.Z.H.Td.Z.H.Td.Z.H.T.H.T.H.Td.Z.H.Td.Z.H.T.H.Td.Z.H.Td.Z.H.T.H.Td.Z.H.T.H.Td.Z.H.T.H.Td.Z.H.Td.Z.H.T.H.P
303,1.2778857947102265e-06,P.X.T.H.Pd.T.H.T.H.T.H.T.H.T.H.Td.Z.H.Td.Z.H.T.H.T.H.T.H.T.H.T.H.T.H.T.H.T.H.Td.Z.H.Td.Z.H.Td.Z.H.Td.Z.H.T.H.Td.Z.H.Td.Z.H.Td.Z.H.Td.Z.H.T.H.Td.Z.H.T.H.T.H.Td.Z.H.Td.Z.H.Td.Z.H.Td.Z.H.T.H.T.H.T.H.T.H.Td.Z.H.Td.Z.H.T.H.Td.Z.H.Td.Z.H.T.H.T.H.T.H.T.H.T.H.T.H.Td.Z.H.Td.Z.H.Td.Z.H.Td.Z.H.T.H.Td.Z.H.Td.Z.H.T.H.Id
304,4.6120424205769243e-07,Pd.H.P.T.H.P.T.H.T.H.Td.Z.H.Td.Z.H.Td.Z.H.Td.Z.H.Td.Z.H.Td.Z.H.T.H.Td.Z.H.Td.Z.H.Td.Z.H.Td.Z.H.T.H.Td.Z.H.T.H.T.H.T.H.Td.Z.H.T.H.T.H.T.H.T.H.T.H.T.H.Td.Z.H.Td.Z.H.T.H.T.H.Td.Z.H.T.H.Td.Z.H.Td.Z.H.T.H.Td.Z.H.T.H.Td.Z.H.Td.Z.H.Td.Z.H.Td.Z.H.Td.Z.H.Td.Z.H.T.H.T.H.Td.Z.H.Td.Z.H.T.H.Td.Z.H.T.H.T.H.T.H.T.H.Td.Z.H.Td.Z.H.T.H.T.H.Td.Z.H.Id
305,1.9557844372899456e-07,H.P.X.T.H.P.T.H.T.H.T.H.Td.Z.H.T.H.Td.Z.H.T.H.Td.Z.H.T.H.Td.Z.H.T.H.Td.Z.H.T.H.Td.Z.H.Td.Z.H.T.H.T.H.Td.Z.H.Td.Z.H.T.H.T.H.Td.Z.H.Td.Z.H.Td.Z.H.T.H.Td.Z.H.Td.Z.H.T.H.Td.Z.H.T.H.Td.Z.H.T.H.Td.Z.H.T.H.T.H.T.H.Td.Z.H.T.H.Td.Z.H.Td.Z.H.Td.Z.H.Td.Z.H.T.H.T.H.Td.Z.H.Td.Z.H.T.H.Td.Z.H.Td.Z.H.Td.Z.H.Td.Z.H.T.H.T.H.Td.Z.H.Td.Z.H.T.H.T.H.T.H.T.H.Td.Z.H.Td.Z.H.P
306,1.7176360347240805e-07,Pd.H.Pd.T.H.P.T.H.Td.Z.H.Td.Z.H.Td.Z.H.T.H.T.H.T.H.Td.Z.H.Td.Z.H.T.H.T.H.T.H.T.H.Td.Z.H.T.H.T.H.Td.Z.H.Td.Z.H.Td.Z.H.Td.Z.H.T.H.T.H.T.H.T.H.T.H.T.H.T.H.T.H.Td.Z.H.T.H.T.H.Td.Z.H.T.H.Td.Z.H.T.H.T.H.Td.Z.H.T.H.T.H.Td.Z.H.Td.Z.H.Td.Z.H.T.H.Td.Z.H.T.H.Td.Z.H.T.H.T.H.T.H.T.H.T.H.T.H.T.H.Td.Z.H.T.H.Td.Z.H.T.H.Td.Z.H.Td.Z.H.Td.Z.H.T.H.Td.Z.H.T.H.P
307,1.1697212570594471e-07,Pd.H.Z.T.H.P.T.H.Td.Z.H.T.H.Td.Z.H.Td.Z.H.T.H.Td.Z.H.T.H.Td.Z.H.T.H.Td.Z.H.Td.Z.H.T.H.Td.Z.H.T.H.T.H.Td.Z.H.Td.Z.H.Td.Z.H.Td.Z.H.T.H.T.H.Td.Z.H.T.H.T.H.Td.Z.H.Td.Z.H.Td.Z.H.T.H.Td.Z.H.Td.Z.H.T.H.T.H.Td.Z.H.T.H.T.H.T.H.Td.Z.H.Td.Z.H.T.H.T.H.T.H.Td.Z.H.T.H.Td.Z.H.Td.Z.H.T.H.Td.Z.H.T.H.T.H.T.H.T.H.Td.Z.H.Td.Z.H.Td.Z.H.Td.Z.H.T.H.T.H.Td.Z.H.Td.Z.H.T.H.T.H.T.H.Td.Z.H.Td.Z.H.T.H.Id
308,1.1270351721458988e-07,P.H.Z.T.H.T.H.Td.Z.H.Td.Z.H.Td.Z.H.T.H.T.H.T.H.T.H.T.H.T.H.Td.Z.H.Td.Z.H.T.H.T.H.T.H.T.H.T.H.Td.Z.H.Td.Z.H.Td.Z.H.T.H.Td.Z.H.T.H.Td.Z.H.Td.Z.H.Td.Z.H.T.H.Td.Z.H.T.H.Td.Z.H.T.H.Td.Z.H.T.H.T.H.T.H.T.H.Td.Z.H.T.H.T.H.T.H.T.H.T.H.T.H.T.H.T.H.T.H.T.H.T.H.T.H.T.H.T.H.T.H.Td.Z.H.T.H.Td.Z.H.T.H.T.H.T.H.T.H.T.H.Td.Z.H.Td.Z.H.T.H.T.H.Td.Z.H.Td.Z.H.Td.Z.H.Id
309,8.112180323822437e-08,Pd.H.T.H.T.H.T.H.T.H.Td.Z.H.Td.Z.H.Td.Z.H.Td.Z.H.Td.Z.H.T.H.Td.Z.H.Td.Z.H.Td.Z.H.T.H.T.H.T.H.Td.Z.H.T.H.T.H.Td.Z.H.Td.Z.H.T.H.Td.Z.H.Td.Z.H.Td.Z.H.T.H.Td.Z.H.Td.Z.H.T.H.Td.Z.H.Td.Z.H.Td.Z.H.Td.Z.H.T.H.Td.Z.H.Td.Z.H.Td.Z.H.T.H.Td.Z.H.Td.Z.H.T.H.T.H.T.H.Td.Z.H.T.H.Td.Z.H.Td.Z.H.T.H.T.H.T.H.T.H.T.H.Td.Z.H.Td.Z.H.Td.Z.H.T.H.T.H.T.H.Td.Z.H.T.H.Td.Z.H.T.H.Td.Z.H.Td.Z.H.Td.Z.H.T.H.T.H.T.H.Td.Z.H.P
310,5.154331402144288e-08,H.P.X.T.H.T.H.T.H.Td.Z.H.T.H.T.H.Td.Z.H.T.H.T.H.T.H.Td.Z.H.T.H.Td.Z.H.Td.Z.H.Td.Z.H.Td.Z.H.Td.Z.H.Td.Z.H.Td.Z.H.T.H.T.H.Td.Z.H.T.H.Td.Z.H.Td.Z.H.T.H.T.H.Td.Z.H.T.H.Td.Z.H.T.H.T.H.T.H.T.H.T.H.Td.Z.H.Td.Z.H.T.H.T.H.T.H.Td.Z.H.T.H.Td.Z.H.T.H.T.H.T.H.T.H.T.H.T.H.Td.Z.H.T.H.Td.Z.H.Td.Z.H.Td.Z.H.Td.Z.H.T.H.Td.Z.H.Td.Z.H.T.H.T.H.Td.Z.H.T.H.Td.Z.H.T.H.Td.Z.H.Td.Z.H.T.H.T.H.Td.Z.H.Td.Z.H.P
311,2.887153137992691e-08,H.Pd.X.T.H.T.H.T.H.Td.Z.H.T.H.Td.Z.H.Td.Z.H.T.H.T.H.Td.Z.H.Td.Z.H.T.H.T.H.Td.Z.H.Td.Z.H.T.H.Td.Z.H.Td.Z.H.Td.Z.H.T.H.Td.Z.H.Td.Z.H.T.H.T.H.T.H.T.H.T.H.T.H.Td.Z.H.Td.Z.H.Td.Z.H.Td.Z.H.Td.Z.H.T.H.Td.Z.H.Td.Z.H.Td.Z.H.T.H.Td.Z.H.T.H.Td.Z.H.T.H.T.H.T.H.T.H.T.H.T.H.T.H.Td.Z.H.Td.Z.H.Td.Z.H.Td.Z.H.Td.Z.H.T.H.T.H.Td.Z.H.Td.Z.H.T.H.Td.Z.H.Td.Z.H.Td.Z.H.Td.Z.H.T.H.Td.Z.H.T.H.T.H.Td.Z.H.T.H.T.H.Td.Z.H.T.H.T
312,1.8712404390874824e-08,Z.T.H.P.T.H.P.T.H.T.H.Td.Z.H.T.H.T.H.T.H.Td.Z.H.Td.Z.H.Td.Z.H.Td.Z.H.T.H.Td.Z.H.Td.Z.H.T.H.Td.Z.H.T.H.Td.Z.H.T.H.Td.Z.H.Td.Z.H.Td.Z.H.Td.Z.H.T.H.T.H.T.H.Td.Z.H.Td.Z.H.Td.Z.H.Td.Z.H.T.H.Td.Z.H.T.H.T.H.Td.Z.H.T.H.T.H.T.H.Td.Z.H.Td.Z.H.T.H.Td.Z.H.Td.Z.H.T.H.T.H.T.H.Td.Z.H.Td.Z.H.Td.Z.H.T.H.T.H.Td.Z.H.T.H.Td.Z.H.T.H.T.H.T.H.T.H.T.H.T.H.T.H.T.H.T.H.Td.Z.H.Td.Z.H.Td.Z.H.Td.Z.H.T.H.T.H.T.H.Td.Z.H.Td.Z.H.Td.Z.H.Td.Z.H.Id
313,1.0309645152972961e-08,P.T.H.T.H.P.T.H.T.H.Td.Z.H.Td.Z.H.Td.Z.H.T.H.T.H.Td.Z.H.Td.Z.H.Td.Z.H.T.H.Td.Z.H.Td.Z.H.Td.Z.H.Td.Z.H.Td.Z.H.Td.Z.H.T.H.Td.Z.H.Td.Z.H.Td.Z.H.Td.Z.H.T.H.Td.Z.H.Td.Z.H.T.H.T.H.T.H.T.H.Td.Z.H.T.H.T.H.T.H.Td.Z.H.T.H.T.H.T.H.T.H.Td.Z.H.Td.Z.H.T.H.T.H.Td.Z.H.Td.Z.H.T.H.Td.Z.H.T.H.Td.Z.H.T.H.T.H.T.H.T.H.T.H.T.H.Td.Z.H.T.H.Td.Z.H.T.H.Td.Z.H.T.H.Td.Z.H.T.H.T.H.Td.Z.H.Td.Z.H.Td.Z.H.Td.Z.H.T.H.T.H.Td.Z.H.T.H.T.H.T.H.Td.Z.H.T.H.T.H.Td.Z
314,7.767050475251005e-09,H.Z.T.H.P.T.H.Td.Z.H.T.H.T.H.Td.Z.H.Td.Z.H.Td.Z.H.T.H.T.H.Td.Z.H.T.H.Td.Z.H.Td.Z.H.Td.Z.H.T.H.Td.Z.H.Td.Z.H.T.H.T.H.Td.Z.H.Td.Z.H.T.H.Td.Z.H.T.H.T.H.T.H.T.H.T.H.T.H.T.H.Td.Z.H.Td.Z.H.Td.Z.H.T.H.T.H.Td.Z.H.T.H.T.H.Td.Z.H.T.H.Td.Z.H.Td.Z.H.Td.Z.H.Td.Z.H.T.H.T.H.T.H.T.H.T.H.T.H.Td.Z.H.T.H.T.H.T.H.T.H.Td.Z.H.T.H.Td.Z.H.Td.Z.H.Td.Z.H.Td.Z.H.Td.Z.H.Td.Z.H.T.H.Td.Z.H.T.H.T.H.T.H.Td.Z.H.Td.Z.H.Td.Z.H.Td.Z.H.T.H.T.H.T.H.Td.Z.H.T.H.Id
315,5.872825308736311e-09,P.T.H.T.H.P.T.H.Td.Z.H.Td.Z.H.T.H.Td.Z.H.Td.Z.H.Td.Z.H.Td.Z.H.Td.Z.H.T.H.T.H.Td.Z.H.Td.Z.H.Td.Z.H.T.H.T.H.Td.Z.H.Td.Z.H.Td.Z.H.T.H.Td.Z.H.Td.Z.H.T.H.T.H.T.H.Td.Z.H.T.H.Td.Z.H.T.H.T.H.Td.Z.H.T.H.Td.Z.H.Td.Z.H.T.H.Td.Z.H.T.H.T.H.T.H.Td.Z.H.T.H.T.H.Td.Z.H.T.H.Td.Z.H.T.H.Td.Z.H.Td.Z.H.T.H.Td.Z.H.Td.Z.H.Td.Z.H.T.H.Td.Z.H.T.H.Td.Z.H.Td.Z.H.Td.Z.H.T.H.T.H.T.H.T.H.Td.Z.H.Td.Z.H.T.H.Td.Z.H.Td.Z.H.T.H.Td.Z.H.Td.Z.H.Td.Z.H.T.H.T.H.T.H.Td.Z.H.T.H.Td.Z.H.T.H.T
316,4.7585690068661745e-09,H.P.T.H.P.T.H.T.H.Td.Z.H.Td.Z.H.Td.Z.H.Td.Z.H.Td.Z.H.Td.Z.H.T.H.T.H.T.H.Td.Z.H.Td.Z.H.Td.Z.H.Td.Z.H.T.H.Td.Z.H.Td.Z.H.Td.Z.H.T.H.T.H.T.H.T.H.Td.Z.H.Td.Z.H.T.H.T.H.T.H.T.H.T.H.T.H.T.H.Td.Z.H.Td.Z.H.Td.Z.H.T.H.Td.Z.H.T.H.T.H.T.H.T.H.Td.Z.H.T.H.T.H.T.H.T.H.Td.Z.H.Td.Z.H.T.H.Td.Z.H.T.H.T.H.T.H.T.H.T.H.T.H.Td.Z.H.T.H.T.H.T.H.T.H.Td.Z.H.Td.Z.H.T.H.Td.Z.H.Td.Z.H.Td.Z.H.T.H.T.H.Td.Z.H.Td.Z.H.Td.Z.H.Td.Z.H.T.H.T.H.T.H.Td.Z.H.T.H.T.H.P
317,2.490968975532086e-09,Pd.H.P.T.H.T.H.T.H.Td.Z.H.T.H.T.H.T.H.Td.Z.H.T.H.Td.Z.H.Td.Z.H.Td.Z.H.Td.Z.H.Td.Z.H.T.H.T.H.Td.Z.H.T.H.Td.Z.H.T.H.Td.Z.H.T.H.T.H.T.H.Td.Z.H.T.H.T.H.Td.Z.H.Td.Z.H.T.H.Td.Z.H.T.H.T.H.T.H.Td.Z.H.Td.Z.H.T.H.T.H.T.H.Td.Z.H.T.H.T.H.Td.Z.H.T.H.Td.Z.H.Td.Z.H.T.H.T.H.Td.Z.H.T.H.Td.Z.H.T.H.Td.Z.H.T.H.T.H.T.H.Td.Z.H.T.H.T.H.Td.Z.H.Td.Z.H.T.H.T.H.T.H.Td.Z.H.Td.Z.H.Td.Z.H.Td.Z.H.T.H.Td.Z.H.T.H.Td.Z.H.Td.Z.H.Td.Z.H.Td.Z.H.Td.Z.H.Td.Z.H.T.H.Td.Z.H.Td.Z.H.Td.Z.H.T
318,8.703937679935966e-10,Pd.H.Z.T.H.T.H.Td.Z.H.T.H.Td.Z.H.Td.Z.H.T.H.T.H.T.H.Td.Z.H.T.H.Td.Z.H.Td.Z.H.T.H.T.H.Td.Z.H.T.H.Td.Z.H.T.H.Td.Z.H.T.H.T.H.T.H.Td.Z.H.Td.Z.H.Td.Z.H.Td.Z.H.Td.Z.H.T.H.T.H.T.H.Td.Z.H.Td.Z.H.Td.Z.H.T.H.Td.Z.H.T.H.Td.Z.H.Td.Z.H.Td.Z.H.Td.Z.H.Td.Z.H.Td.Z.H.Td.Z.H.T.H.Td.Z.H.Td.Z.H.T.H.T.H.Td.Z.H.Td.Z.H.Td.Z.H.T.H.Td.Z.H.T.H.T.H.Td.Z.H.T.H.T.H.Td.Z.H.T.H.T.H.Td.Z.H.T.H.Td.Z.H.T.H.T.H.Td.Z.H.Td.Z.H.Td.Z.H.Td.Z.H.Td.Z.H.T.H.Td.Z.H.Td.Z.H.Td.Z.H.Td.Z.H.Td.Z.H.Td.Z.H.T.H.Td.Z.H.T.H.T.H.Td.Z.H.T.H.Td.Z.H.P
319,7.974990680155858e-10,Y.T.H.T.H.P.T.H.T.H.T.H.T.H.T.H.Td.Z.H.T.H.T.H.Td.Z.H.T.H.Td.Z.H.Td.Z.H.T.H.Td.Z.H.Td.Z.H.T.H.Td.Z.H.T.H.Td.Z.H.Td.Z.H.Td.Z.H.Td.Z.H.T.H.T.H.T.H.Td.Z.H.T.H.T.H.Td.Z.H.T.H.Td.Z.H.T.H.T.H.Td.Z.H.Td.Z.H.T.H.Td.Z.H.T.H.Td.Z.H.Td.Z.H.Td.Z.H.T.H.T.H.Td.Z.H.Td.Z.H.Td.Z.H.T.H.T.H.T.H.Td.Z.H.T.H.Td.Z.H.Td.Z.H.Td.Z.H.Td.Z.H.Td.Z.H.T.H.T.H.T.H.Td.Z.H.Td.Z.H.T.H.Td.Z.H.T.H.T.H.Td.Z.H.Td.Z.H.T.H.T.H.T.H.Td.Z.H.Td.Z.H.Td.Z.H.Td.Z.H.T.H.Td.Z.H.Td.Z.H.Td.Z.H.Td.Z.H.T.H.T.H.Td.Z.H.T.H.T.H.T.H.Td.Z.H.P
320,7.532004711819477e-10,T.H.Pd.T.H.T.H.T.H.T.H.T.H.T.H.T.H.Td.Z.H.Td.Z.H.T.H.T.H.T.H.T.H.Td.Z.H.T.H.Td.Z.H.Td.Z.H.T.H.T.H.T.H.Td.Z.H.Td.Z.H.Td.Z.H.T.H.T.H.Td.Z.H.Td.Z.H.Td.Z.H.Td.Z.H.Td.Z.H.Td.Z.H.T.H.T.H.Td.Z.H.Td.Z.H.T.H.Td.Z.H.Td.Z.H.T.H.T.H.T.H.Td.Z.H.T.H.T.H.T.H.T.H.T.H.Td.Z.H.T.H.Td.Z.H.T.H.Td.Z.H.Td.Z.H.Td.Z.H.Td.Z.H.T.H.Td.Z.H.Td.Z.H.T.H.T.H.Td.Z.H.T.H.T.H.T.H.T.H.T.H.Td.Z.H.T.H.Td.Z.H.Td.Z.H.Td.Z.H.Td.Z.H.T.H.T.H.T.H.Td.Z.H.Td.Z.H.Td.Z.H.Td.Z.H.Td.Z.H.Td.Z.H.T.H.T.H.Td.Z.H.Td.Z.H.T.H.Td.Z.H.T.H.Td.Z.H.T.H.T.H.Td.Z
321,4.2946433688977213e-10,H.P.X.T.H.T.H.Td.Z.H.Td.Z.H.T.H.Td.Z.H.Td.Z.H.Td.Z.H.Td.Z.H.Td.Z.H.T.H.Td.Z.H.T.H.T.H.T.H.Td.Z.H.Td.Z.H.T.H.Td.Z.H.Td.Z.H.Td.Z.H.Td.Z.H.Td.Z.H.Td.Z.H.T.H.Td.Z.H.Td.Z.H.Td.Z.H.T.H.Td.Z.H.Td.Z.H.T.H.T.H.T.H.T.H.Td.Z.H.T.H.T.H.T.H.Td.Z.H.T.H.Td.Z.H.T.H.Td.Z.H.Td.Z.H.Td.Z.H.Td.Z.H.Td.Z.H.T.H.T.H.T.H.Td.Z.H.T.H.T.H.T.H.Td.Z.H.Td.Z.H.T.H.T.H.Td.Z.H.T.H.Td.Z.H.T.H.T.H.T.H.T.H.Td.Z.H.Td.Z.H.T.H.T.H.Td.Z.H.T.H.T.H.Td.Z.H.Td.Z.H.Td.Z.H.Td.Z.H.T.H.T.H.Td.Z.H.Td.Z.H.T.H.T.H.Td.Z.H.T.H.T.H.Td.Z.H.Td.Z.H.Td.Z.H.T.H.T.H.T.H.Td.Z.H.P
322,1.905360915642204e-10,H.Z.T.H.T.H.T.H.Td.Z.H.Td.Z.H.T.H.Td.Z.H.T.H.T.H.Td.Z.H.Td.Z.H.T.H.T.H.Td.Z.H.Td.Z.H.Td.Z.H.T.H.T.H.Td.Z.H.Td.Z.H.T.H.T.H.Td.Z.H.T.H.T.H.T.H.T.H.Td.Z.H.T.H.Td.Z.H.T.H.Td.Z.H.Td.Z.H.T.H.Td.Z.H.T.H.T.H.Td.Z.H.Td.Z.H.Td.Z.H.T.H.T.H.T.H.Td.Z.H.T.H.Td.Z.H.Td.Z.H.T.H.T.H.Td.Z.H.T.H.T.H.Td.Z.H.Td.Z.H.Td.Z.H.Td.Z.H.T.H.Td.Z.H.T.H.Td.Z.H.Td.Z.H.Td.Z.H.T.H.T.H.T.H.Td.Z.H.Td.Z.H.T.H.Td.Z.H.Td.Z.H.Td.Z.H.Td.Z.H.T.H.T.H.T.H.Td.Z.H.T.H.Td.Z.H.T.H.Td.Z.H.Td.Z.H.Td.Z.H.Td.Z.H.T.H.T.H.T.H.Td.Z.H.T.H.Td.Z.H.Td.Z.H.Td.Z.H.T.H.T.H.Td.Z.H.Id
323,1.8478064377207986e-10,P.X.T.H.T.H.P.T.H.Td.Z.H.T.H.Td.Z.H.Td.Z.H.T.H.T.H.T.H.T.H.Td.Z.H.T.H.T.H.Td.Z.H.Td.Z.H.Td.Z.H.Td.Z.H.Td.Z.H.Td.Z.H.Td.Z.H.T.H.Td.Z.H.Td.Z.H.T.H.T.H.Td.Z.H.T.H.Td.Z.H.T.H.T.H.Td.Z.H.T.H.T.H.T.H.Td.Z.H.T.H.T.H.Td.Z.H.T.H.T.H.Td.Z.H.Td.Z.H.T.H.T.H.Td.Z.H.T.H.Td.Z.H.Td.Z.H.Td.Z.H.Td.Z.H.T.H.T.H.Td.Z.H.Td.Z.H.T.H.Td.Z.H.Td.Z.H.T.H.Td.Z.H.T.H.T.H.T.H.Td.Z.H.Td.Z.H.Td.Z.H.Td.Z.H.Td.Z.H.T.H.Td.Z.H.T.H.Td.Z.H.T.H.T.H.Td.Z.H.T.H.Td.Z.H.Td.Z.H.T.H.Td.Z.H.T.H.T.H.Td.Z.H.Td.Z.H.Td.Z.H.Td.Z.H.T.H.T.H.T.H.Td.Z.H.T.H.T.H.Td.Z.H.Td.Z.H.T.H.T.H.Id
324,1.0267093904642971e-10,H.Pd.X.T.H.P.T.H.T.H.Td.Z.H.T.H.T.H.Td.Z.H.Td.Z.H.T.H.Td.Z.H.Td.Z.H.Td.Z.H.T.H.T.H.T.H.T.H.T.H.T.H.Td.Z.H.T.H.Td.Z.H.Td.Z.H.T.H.Td.Z.H.T.H.T.H.Td.Z.H.T.H.Td.Z.H.T.H.Td.Z.H.T.H.Td.Z.H.T.H.T.H.T.H.Td.Z.H.T.H.Td.Z.H.T.H.Td.Z.H.T.H.Td.Z.H.T.H.T.H.Td.Z.H.Td.Z.H.T.H.T.H.Td.Z.H.T.H.T.H.Td.Z.H.T.H.Td.Z.H.T.H.T.H.T.H.T.H.T.H.T.H.T.H.Td.Z.H.Td.Z.H.T.H.T.H.T.H.T.H.T.H.Td.Z.H.T.H.Td.Z.H.Td.Z.H.T.H.Td.Z.H.T.H.Td.Z.H.Td.Z.H.Td.Z.H.T.H.T.H.Td.Z.H.Td.Z.H.Td.Z.H.T.H.T.H.T.H.T.H.T.H.Td.Z.H.T.H.T.H.T.H.T.H.T.H.Td.Z.H.Td.Z.H.T.H.Td.Z.H.Td.Z.H.P
325,6.788607896057504e-11,H.P.X.T.H.P.T.H.T.H.Td.Z.H.T.H.Td.Z.H.Td.Z.H.Td.Z.H.Td.Z.H.Td.Z.H.Td.Z.H.T.H.T.H.T.H.T.H.Td.Z.H.Td.Z.H.T.H.T.H.Td.Z.H.T.H.Td.Z.H.T.H.Td.Z.H.Td.Z.H.T.H.Td.Z.H.Td.Z.H.Td.Z.H.Td.Z.H.T.H.Td.Z.H.T.H.T.H.T.H.T.H.Td.Z.H.Td.Z.H.Td.Z.H.Td.Z.H.Td.Z.H.Td.Z.H.T.H.Td.Z.H.T.H.Td.Z.H.Td.Z.H.Td.Z.H.Td.Z.H.T.H.Td.Z.H.T.H.T.H.Td.Z.H.T.H.T.H.Td.Z.H.Td.Z.H.Td.Z.H.T.H.Td.Z.H.T.H.T.H.T.H.T.H.Td.Z.H.Td.Z.H.Td.Z.H.T.H.T.H.T.H.T.H.T.H.T.H.T.H.Td.Z.H.T.H.T.H.Td.Z.H.Td.Z.H.T.H.Td.Z.H.T.H.T.H.T.H.T.H.Td.Z.H.T.H.T.H.T.H.T.H.Td.Z.H.Td.Z.H.Td.Z.H.T.H.Td.Z.H.T.H.Td.Z.H.Td.Z.H.T.H.Td.Z.H.P
326,3.0175213741394566e-11,H.Pd.T.H.T.H.Td.Z.H.Td.Z.H.T.H.Td.Z.H.Td.Z.H.Td.Z.H.T.H.Td.Z.H.T.H.T.H.T.H.T.H.Td.Z.H.Td.Z.H.T.H.Td.Z.H.T.H.Td.Z.H.Td.Z.H.Td.Z.H.Td.Z.H.Td.Z.H.T.H.T.H.Td.Z.H.Td.Z.H.Td.Z.H.Td.Z.H.Td.Z.H.T.H.T.H.T.H.Td.Z.H.T.H.Td.Z.H.T.H.T.H.Td.Z.H.Td.Z.H.T.H.Td.Z.H.T.H.Td.Z.H.T.H.T.H.T.H.Td.Z.H.T.H.Td.Z.H.Td.Z.H.T.H.T.H.Td.Z.H.T.H.T.H.Td.Z.H.T.H.Td.Z.H.T.H.Td.Z.H.T.H.Td.Z.H.Td.Z.H.Td.Z.H.T.H.Td.Z.H.T.H.Td.Z.H.Td.Z.H.T.H.T.H.T.H.T.H.Td.Z.H.T.H.T.H.Td.Z.H.Td.Z.H.T.H.Td.Z.H.T.H.T.H.Td.Z.H.T.H.T.H.T.H.Td.Z.H.Td.Z.H.T.H.T.H.Td.Z.H.Td.Z.H.Td.Z.H.Td.Z.H.T.H.Td.Z.H.T.H.Td.Z.H.Td.Z.H.T.H.Id
327,2.3778696370134203e-11,Pd.H.P.T.H.P.T.H.T.H.T.H.T.H.T.H.Td.Z.H.T.H.T.H.T.H.T.H.T.H.Td.Z.H.T.H.Td.Z.H.Td.Z.H.T.H.Td.Z.H.T.H.Td.Z.H.T.H.Td.Z.H.Td.Z.H.T.H.Td.Z.H.T.H.T.H.Td.Z.H.Td.Z.H.T.H.T.H.Td.Z.H.Td.Z.H.Td.Z.H.Td.Z.H.Td.Z.H.T.H.T.H.T.H.T.H.Td.Z.H.T.H.T.H.T.H.Td.Z.H.Td.Z.H.Td.Z.H.Td.Z.H.T.H.T.H.Td.Z.H.T.H.T.H.T.H.Td.Z.H.T.H.Td.Z.H.T.H.Td.Z.H.Td.Z.H.T.H.T.H.Td.Z.H.Td.Z.H.Td.Z.H.T.H.T.H.T.H.Td.Z.H.Td.Z.H.T.H.T.H.T.H.Td.Z.H.Td.Z.H.Td.Z.H.Td.Z.H.Td.Z.H.Td.Z.H.Td.Z.H.Td.Z.H.Td.Z.H.T.H.T.H.T.H.T.H.T.H.T.H.T.H.Td.Z.H.T.H.Td.Z.H.Td.Z.H.T.H.T.H.Td.Z.H.Td.Z.H.T.H.Td.Z.H.T.H.T.H.Td.Z.H.T.H.P
328,1.349678743092515e-11,H.Pd.X.T.H.P.T.H.Td.Z.H.T.H.T.H.T.H.Td.Z.H.T.H.Td.Z.H.Td.Z.H.Td.Z.H.Td.Z.H.T.H.T.H.T.H.Td.Z.H.T.H.T.H.T.H.T.H.Td.Z.H.T.H.Td.Z.H.Td.Z.H.Td.Z.H.T.H.T.H.T.H.Td.Z.H.Td.Z.H.T.H.T.H.T.H.T.H.T.H.T.H.Td.Z.H.T.H.T.H.Td.Z.H.T.H.Td.Z.H.T.H.T.H.T.H.Td.Z.H.Td.Z.H.T.H.T.H.Td.Z.H.T.H.T.H.Td.Z.H.Td.Z.H.Td.Z.H.T.H.Td.Z.H.T.H.Td.Z.H.Td.Z.H.T.H.T.H.T.H.T.H.Td.Z.H.Td.Z.H.Td.Z.H.T.H.T.H.T.H.T.H.Td.Z.H.Td.Z.H.T.H.Td.Z.H.Td.Z.H.T.H.Td.Z.H.Td.Z.H.T.H.T.H.Td.Z.H.Td.Z.H.T.H.T.H.Td.Z.H.T.H.T.H.Td.Z.H.T.H.Td.Z.H.Td.Z.H.T.H.T.H.Td.Z.H.Td.Z.H.T.H.T.H.Td.Z.H.T.H.T.H.Td.Z.H.T.H.Td.Z.H.Td.Z.H.Td.Z.H.P
329,1.0024972365776836e-11,P.X.T.H.T.H.T.H.Td.Z.H.Td.Z.H.Td.Z.H.T.H.Td.Z.H.T.H.Td.Z.H.Td.Z.H.Td.Z.H.Td.Z.H.Td.Z.H.T.H.Td.Z.H.Td.Z.H.T.H.Td.Z.H.T.H.T.H.Td.Z.H.Td.Z.H.T.H.T.H.T.H.Td.Z.H.T.H.T.H.T.H.T.H.Td.Z.H.Td.Z.H.Td.Z.H.T.H.T.H.T.H.Td.Z.H.T.H.Td.Z.H.T.H.Td.Z.H.T.H.T.H.Td.Z.H.T.H.Td.Z.H.Td.Z.H.T.H.Td.Z.H.T.H.Td.Z.H.T.H.Td.Z.H.Td.Z.H.Td.Z.H.T.H.T.H.Td.Z.H.Td.Z.H.Td.Z.H.T.H.T.H.Td.Z.H.T.H.T.H.T.H.Td.Z.H.Td.Z.H.T.H.T.H.T.H.T.H.Td.Z.H.T.H.Td.Z.H.Td.Z.H.T.H.Td.Z.H.Td.Z.H.Td.Z.H.Td.Z.H.T.H.Td.Z.H.T.H.T.H.Td.Z.H.Td.Z.H.Td.Z.H.Td.Z.H.T.H.T.H.T.H.T.H.Td.Z.H.T.H.Td.Z.H.Td.Z.H.T.H.Td.Z.H.Td.Z.H.T.H.T.H.Td.Z.H.Td.Z.H.T.H.Td.Z.H.Td.Z.H.P
330,6.544287561742661e-12,Pd.T.H.T.H.T.H.T.H.Td.Z.H.T.H.Td.Z.H.T.H.T.H.Td.Z.H.T.H.T.H.Td.Z.H.Td.Z.H.T.H.Td.Z.H.T.H.T.H.Td.Z.H.T.H.Td.Z.H.Td.Z.H.T.H.T.H.T.H.Td.Z.H.T.H.Td.Z.H.Td.Z.H.Td.Z.H.T.H.Td.Z.H.Td.Z.H.T.H.Td.Z.H.Td.Z.H.Td.Z.H.Td.Z.H.T.H.T.H.T.H.Td.Z.H.Td.Z.H.Td.Z.H.T.H.Td.Z.H.Td.Z.H.T.H.Td.Z.H.T.H.Td.Z.H.Td.Z.H.T.H.Td.Z.H.T.H.T.H.T.H.Td.Z.H.T.H.T.H.Td.Z.H.T.H.T.H.T.H.Td.Z.H.Td.Z.H.Td.Z.H.T.H.Td.Z.H.Td.Z.H.T.H.Td.Z.H.T.H.T.H.Td.Z.H.Td.Z.H.T.H.Td.Z.H.Td.Z.H.Td.Z.H.T.H.T.H.T.H.Td.Z.H.Td.Z.H.Td.Z.H.T.H.T.H.Td.Z.H.T.H.Td.Z.H.T.H.Td.Z.H.Td.Z.H.Td.Z.H.Td.Z.H.T.H.Td.Z.H.Td.Z.H.Td.Z.H.T.H.T.H.Td.Z.H.T.H.Td.Z.H.Td.Z.H.T.H.Td.Z.H.T.H.Td.Z.H.Td.Z.H.Id
331,5.4302863130062864e-12,Pd.H.Pd.T.H.T.H.Td.Z.H.T.H.T.H.T.H.Td.Z.H.T.H.Td.Z.H.Td.Z.H.Td.Z.H.Td.Z.H.T.H.Td.Z.H.T.H.T.H.T.H.T.H.T.H.Td.Z.H.T.H.Td.Z.H.Td.Z.H.T.H.Td.Z.H.Td.Z.H.Td.Z.H.Td.Z.H.Td.Z.H.T.H.Td.Z.H.T.H.T.H.Td.Z.H.Td.Z.H.T.H.T.H.Td.Z.H.Td.Z.H.Td.Z.H.Td.Z.H.Td.Z.H.Td.Z.H.T.H.Td.Z.H.T.H.T.H.Td.Z.H.T.H.T.H.Td.Z.H.T.H.Td.Z.H.Td.Z.H.Td.Z.H.T.H.T.H.T.H.T.H.T.H.Td.Z.H.Td.Z.H.Td.Z.H.T.H.T.H.T.H.T.H.Td.Z.H.Td.Z.H.Td.Z.H.T.H.T.H.T.H.Td.Z.H.T.H.T.H.T.H.T.H.T.H.T.H.Td.Z.H.T.H.Td.Z.H.Td.Z.H.Td.Z.H.T.H.Td.Z.H.Td.Z.H.T.H.Td.Z.H.Td.Z.H.Td.Z.H.T.H.T.H.T.H.Td.Z.H.T.H.T.H.Td.Z.H.Td.Z.H.Td.Z.H.T.H.Td.Z.H.Td.Z.H.Td.Z.H.T.H.Td.Z.H.T.H.T.H.Td.Z.H.T.H.Td.Z
332,1.8746239993086065e-12,H.Y.T.H.T.H.T.H.Td.Z.H.Td.Z.H.T.H.T.H.Td.Z.H.T.H.T.H.T.H.T.H.T.H.T.H.T.H.T.H.Td.Z.H.T.H.T.H.Td.Z.H.T.H.T.H.T.H.T.H.T.H.Td.Z.H.T.H.Td.Z.H.Td.Z.H.Td.Z.H.T.H.T.H.T.H.T.H.T.H.T.H.Td.Z.H.T.H.Td.Z.H.Td.Z.H.T.H.T.H.Td.Z.H.T.H.T.H.Td.Z.H.Td.Z.H.Td.Z.H.Td.Z.H.Td.Z.H.T.H.T.H.Td.Z.H.T.H.Td.Z.H.T.H.T.H.T.H.Td.Z.H.T.H.T.H.T.H.T.H.Td.Z.H.Td.Z.H.T.H.Td.Z.H.T.H.Td.Z.H.Td.Z.H.Td.Z.H.T.H.T.H.T.H.Td.Z.H.Td.Z.H.T.H.Td.Z.H.T.H.T.H.Td.Z.H.Td.Z.H.T.H.Td.Z.H.Td.Z.H.T.H.T.H.T.H.T.H.Td.Z.H.T.H.Td.Z.H.T.H.T.H.T.H.Td.Z.H.Td.Z.H.T.H.Td.Z.H.T.H.Td.Z.H.T.H.T.H.Td.Z.H.Td.Z.H.T.H.T.H.Td.Z.H.Td.Z.H.T.H.T.H.Td.Z.H.Td.Z.H.Td.Z
333,1.2357564749003859e-12,H.P.X.T.H.P.T.H.T.H.Td.Z.H.Td.Z.H.Td.Z.H.T.H.T.H.Td.Z.H.Td.Z.H.T.H.Td.Z.H.T.H.Td.Z.H.Td.Z.H.Td.Z.H.Td.Z.H.Td.Z.H.T.H.T.H.T.H.T.H.Td.Z.H.Td.Z.H.T.H.Td.Z.H.Td.Z.H.T.H.T.H.T.H.Td.Z.H.T.H.T.H.Td.Z.H.Td.Z.H.T.H.T.H.Td.Z.H.Td.Z.H.T.H.T.H.T.H.T.H.T.H.T.H.T.H.Td.Z.H.Td.Z.H.T.H.Td.Z.H.Td.Z.H.T.H.Td.Z.H.Td.Z.H.T.H.T.H.Td.Z.H.T.H.Td.Z.H.Td.Z.H.T.H.T.H.Td.Z.H.T.H.T.H.T.H.T.H.Td.Z.H.T.H.Td.Z.H.T.H.Td.Z.H.Td.Z.H.T.H.Td.Z.H.T.H.Td.Z.H.T.H.T.H.Td.Z.H.Td.Z.H.Td.Z.H.Td.Z.H.T.H.Td.Z.H.T.H.Td.Z.H.Td.Z.H.Td.Z.H.Td.Z.H.Td.Z.H.T.H.Td.Z.H.T.H.Td.Z.H.Td.Z.H.T.H.Td.Z.H.T.H.Td.Z.H.Td.Z.H.Td.Z.H.Td.Z.H.T.H.T.H.Td.Z.H.Td.Z.H.T.H.T.H.Td.Z.H.T.H.T.H.Td.Z.H.Td.Z.H.Td.Z.H.Td.Z
334,1.050055974623806e-12,H.Pd.X.T.H.P.T.H.Td.Z.H.Td.Z.H.Td.Z.H.Td.Z.H.T.H.T.H.T.H.Td.Z.H.T.H.T.H.Td.Z.H.Td.Z.H.T.H.T.H.T.H.Td.Z.H.Td.Z.H.Td.Z.H.Td.Z.H.T.H.Td.Z.H.T.H.T.H.Td.Z.H.T.H.Td.Z.H.Td.Z.H.T.H.Td.Z.H.T.H.Td.Z.H.Td.Z.H.Td.Z.H.T.H.Td.Z.H.Td.Z.H.T.H.Td.Z.H.Td.Z.H.T.H.T.H.Td.Z.H.T.H.T.H.T.H.T.H.Td.Z.H.T.H.Td.Z.H.T.H.T.H.Td.Z.H.Td.Z.H.Td.Z.H.Td.Z.H.T.H.Td.Z.H.Td.Z.H.Td.Z.H.Td.Z.H.T.H.T.H.T.H.Td.Z.H.Td.Z.H.T.H.Td.Z.H.T.H.T.H.T.H.Td.Z.H.T.H.Td.Z.H.Td.Z.H.Td.Z.H.T.H.Td.Z.H.T.H.Td.Z.H.Td.Z.H.T.H.T.H.Td.Z.H.Td.Z.H.Td.Z.H.T.H.T.H.T.H.Td.Z.H.T.H.Td.Z.H.Td.Z.H.Td.Z.H.Td.Z.H.T.H.T.H.T.H.T.H.T.H.T.H.T.H.Td.Z.H.Td.Z.H.Td.Z.H.Td.Z.H.Td.Z.H.T.H.T.H.T.H.T.H.T.H.T.H.Td.Z.H.T.H.T.H.Td.Z.H.Id
335,9.02773575803811e-13,H.X.T.H.T.H.T.H.T.H.Td.Z.H.T.H.T.H.Td.Z.H.T.H.T.H.Td.Z.H.T.H.T.H.T.H.Td.Z.H.Td.Z.H.Td.Z.H.Td.Z.H.Td.Z.H.Td.Z.H.T.H.T.H.Td.Z.H.T.H.Td.Z.H.Td.Z.H.T.H.T.H.T.H.Td.Z.H.Td.Z.H.T.H.Td.Z.H.T.H.T.H.T.H.T.H.T.H.T.H.T.H.T.H.Td.Z.H.Td.Z.H.Td.Z.H.T.H.Td.Z.H.T.H.Td.Z.H.T.H.Td.Z.H.T.H.T.H.Td.Z.H.Td.Z.H.Td.Z.H.T.H.Td.Z.H.T.H.T.H.Td.Z.H.Td.Z.H.Td.Z.H.T.H.T.H.T.H.T.H.Td.Z.H.T.H.T.H.Td.Z.H.T.H.Td.Z.H.Td.Z.H.Td.Z.H.Td.Z.H.Td.Z.H.Td.Z.H.T.H.Td.Z.H.Td.Z.H.Td.Z.H.T.H.T.H.Td.Z.H.Td.Z.H.T.H.Td.Z.H.Td.Z.H.Td.Z.H.T.H.Td.Z.H.T.H.T.H.Td.Z.H.T.H.Td.Z.H.Td.Z.H.T.H.Td.Z.H.T.H.T.H.T.H.Td.Z.H.Td.Z.H.Td.Z.H.Td.Z.H.Td.Z.H.Td.Z.H.T.H.Td.Z.H.T.H.T.H.T.H.Td.Z.H.T.H.T.H.T.H.T.H.Td.Z.H.P
336,8.110855820479637e-13,H.Y.T.H.T.H.Td.Z.H.Td.Z.H.Td.Z.H.Td.Z.H.Td.Z.H.T.H.Td.Z.H.T.H.T.H.T.H.T.H.T.H.T.H.T.H.T.H.T.H.T.H.T.H.Td.Z.H.T.H.T.H.Td.Z.H.T.H.Td.Z.H.Td.Z.H.Td.Z.H.T.H.T.H.Td.Z.H.Td.Z.H.Td.Z.H.T.H.T.H.Td.Z.H.Td.Z.H.Td.Z.H.T.H.T.H.T.H.T.H.T.H.T.H.Td.Z.H.Td.Z.H.Td.Z.H.Td.Z.H.T.H.Td.Z.H.T.H.T.H.T.H.T.H.T.H.Td.Z.H.Td.Z.H.T.H.T.H.Td.Z.H.T.H.Td.Z.H.T.H.Td.Z.H.T.H.T.H.Td.Z.H.T.H.T.H.Td.Z.H.Td.Z.H.T.H.T.H.T.H.T.H.Td.Z.H.Td.Z.H.Td.Z.H.Td.Z.H.T.H.Td.Z.H.T.H.T.H.T.H.T.H.Td.Z.H.T.H.Td.Z.H.T.H.Td.Z.H.Td.Z.H.Td.Z.H.Td.Z.H.Td.Z.H.Td.Z.H.Td.Z.H.Td.Z.H.Td.Z.H.Td.Z.H.Td.Z.H.T.H.Td.Z.H.T.H.T.H.Td.Z.H.Td.Z.H.Td.Z.H.Td.Z.H.T.H.T.H.T.H.Td.Z.H.Td.Z.H.T.H.Td.Z.H.T.H.Td.Z.H.T.H.Td.Z.H.Td.Z.H.P
337,3.932104016936387e-13,H.P.X.T.H.T.H.Td.Z.H.T.H.T.H.Td.Z.H.Td.Z.H.Td.Z.H.T.H.Td.Z.H.Td.Z.H.T.H.T.H.T.H.Td.Z.H.Td.Z.H.Td.Z.H.T.H.T.H.T.H.T.H.Td.Z.H.Td.Z.H.Td.Z.H.Td.Z.H.Td.Z.H.T.H.Td.Z.H.T.H.T.H.Td.Z.H.Td.Z.H.Td.Z.H.Td.Z.H.T.H.T.H.Td.Z.H.Td.Z.H.Td.Z.H.Td.Z.H.T.H.T.H.T.H.Td.Z.H.T.H.T.H.Td.Z.H.T.H.T.H.T.H.Td.Z.H.Td.Z.H.T.H.Td.Z.H.T.H.Td.Z.H.Td.Z.H.T.H.T.H.Td.Z.H.T.H.T.H.Td.Z.H.Td.Z.H.Td.Z.H.Td.Z.H.T.H.Td.Z.H.T.H.T.H.Td.Z.H.T.H.T.H.T.H.T.H.Td.Z.H.Td.Z.H.T.H.Td.Z.H.Td.Z.H.Td.Z.H.T.H.Td.Z.H.Td.Z.H.Td.Z.H.Td.Z.H.T.H.Td.Z.H.Td.Z.H.T.H.Td.Z.H.Td.Z.H.T.H.Td.Z.H.Td.Z.H.T.H.Td.Z.H.Td.Z.H.T.H.Td.Z.H.T.H.T.H.T.H.Td.Z.H.Td.Z.H.Td.Z.H.T.H.T.H.T.H.T.H.T.H.T.H.T.H.T.H.T.H.T.H.Td.Z.H.Td.Z.H.T.H.Td.Z.H.T.H.T.H.P
338,2.910418593302664e-13,Z.T.H.Pd.T.H.T.H.T.H.Td.Z.H.T.H.Td.Z.H.T.H.T.H.Td.Z.H.Td.Z.H.T.H.T.H.T.H.T.H.Td.Z.H.T.H.Td.Z.H.T.H.Td.Z.H.T.H.T.H.Td.Z.H.Td.Z.H.T.H.T.H.T.H.T.H.Td.Z.H.Td.Z.H.Td.Z.H.T.H.T.H.Td.Z.H.T.H.Td.Z.H.Td.Z.H.T.H.Td.Z.H.Td.Z.H.Td.Z.H.Td.Z.H.T.H.Td.Z.H.T.H.T.H.T.H.T.H.T.H.Td.Z.H.T.H.Td.Z.H.Td.Z.H.T.H.Td.Z.H.T.H.T.H.T.H.T.H.T.H.T.H.Td.Z.H.Td.Z.H.T.H.T.H.T.H.Td.Z.H.T.H.T.H.Td.Z.H.T.H.T.H.Td.Z.H.Td.Z.H.T.H.Td.Z.H.Td.Z.H.T.H.T.H.T.H.T.H.T.H.T.H.T.H.T.H.Td.Z.H.T.H.Td.Z.H.Td.Z.H.Td.Z.H.Td.Z.H.T.H.Td.Z.H.Td.Z.H.T.H.T.H.T.H.Td.Z.H.T.H.Td.Z.H.Td.Z.H.Td.Z.H.Td.Z.H.Td.Z.H.Td.Z.H.T.H.Td.Z.H.Td.Z.H.T.H.Td.Z.H.Td.Z.H.T.H.T.H.Td.Z.H.T.H.T.H.Td.Z.H.Td.Z.H.T.H.Td.Z.H.Td.Z.H.Td.Z.H.Td.Z.H.T.H.Td.Z.H.T.H.T
339,2.3443639685621203e-13,H.P.X.T.H.P.T.H.Td.Z.H.T.H.Td.Z.H.T.H.Td.Z.H.Td.Z.H.Td.Z.H.T.H.T.H.T.H.Td.Z.H.Td.Z.H.Td.Z.H.Td.Z.H.Td.Z.H.Td.Z.H.Td.Z.H.Td.Z.H.Td.Z.H.Td.Z.H.T.H.T.H.Td.Z.H.T.H.Td.Z.H.T.H.Td.Z.H.T.H.T.H.T.H.Td.Z.H.T.H.Td.Z.H.T.H.Td.Z.H.T.H.Td.Z.H.Td.Z.H.Td.Z.H.T.H.Td.Z.H.Td.Z.H.T.H.Td.Z.H.T.H.Td.Z.H.Td.Z.H.T.H.T.H.Td.Z.H.T.H.T.H.Td.Z.H.T.H.Td.Z.H.T.H.Td.Z.H.T.H.Td.Z.H.Td.Z.H.Td.Z.H.Td.Z.H.Td.Z.H.Td.Z.H.T.H.Td.Z.H.Td.Z.H.Td.Z.H.T.H.Td.Z.H.Td.Z.H.T.H.T.H.T.H.T.H.Td.Z.H.T.H.T.H.Td.Z.H.Td.Z.H.T.H.Td.Z.H.T.H.Td.Z.H.Td.Z.H.T.H.Td.Z.H.T.H.T.H.Td.Z.H.T.H.T.H.T.H.Td.Z.H.T.H.Td.Z.H.Td.Z.H.Td.Z.H.Td.Z.H.T.H.Td.Z.H.T.H.T.H.Td.Z.H.Td.Z.H.Td.Z.H.Td.Z.H.Td.Z.H.T.H.T.H.Td.Z.H.Td.Z.H.Td.Z.H.T.H.T.H.Td.Z.H.T.H.Td.Z.H.Td.Z.H.Td.Z.H.T.H.Td.Z.H.T.H.Td.Z.H.Id
340,1.9860445588404006e-13,Pd.H.Z.T.H.P.T.H.Td.Z.H.Td.Z.H.T.H.T.H.T.H.Td.Z.H.T.H.T.H.Td.Z.H.Td.Z.H.Td.Z.H.T.H.Td.Z.H.T.H.T.H.T.H.T.H.Td.Z.H.T.H.Td.Z.H.T.H.Td.Z.H.Td.Z.H.Td.Z.H.T.H.T.H.T.H.Td.Z.H.Td.Z.H.Td.Z.H.T.H.T.H.Td.Z.H.Td.Z.H.Td.Z.H.Td.Z.H.T.H.Td.Z.H.T.H.T.H.T.H.Td.Z.H.T.H.T.H.T.H.T.H.Td.Z.H.T.H.Td.Z.H.T.H.T.H.Td.Z.H.T.H.T.H.T.H.T.H.T.H.Td.Z.H.T.H.Td.Z.H.Td.Z.H.Td.Z.H.T.H.Td.Z.H.Td.Z.H.T.H.T.H.Td.Z.H.Td.Z.H.Td.Z.H.T.H.T.H.T.H.T.H.T.H.Td.Z.H.Td.Z.H.T.H.Td.Z.H.T.H.Td.Z.H.Td.Z.H.Td.Z.H.Td.Z.H.T.H.Td.Z.H.Td.Z.H.T.H.T.H.T.H.T.H.T.H.T.H.Td.Z.H.Td.Z.H.Td.Z.H.Td.Z.H.T.H.T.H.Td.Z.H.Td.Z.H.T.H.Td.Z.H.T.H.Td.Z.H.Td.Z.H.Td.Z.H.T.H.T.H.Td.Z.H.T.H.Td.Z.H.T.H.T.H.Td.Z.H.Td.Z.H.T.H.T.H.T.H.T.H.Td.Z.H.Td.Z.H.T.H.Td.Z.H.T.H.P
341,8.69786209825763e-14,H.X.T.H.P.T.H.T.H.Td.Z.H.T.H.Td.Z.H.T.H.T.H.T.H.Td.Z.H.T.H.T.H.Td.Z.H.T.H.T.H.Td.Z.H.Td.Z.H.Td.Z.H.Td.Z.H.T.H.Td.Z.H.T.H.Td.Z.H.T.H.T.H.Td.Z.H.Td.Z.H.Td.Z.H.Td.Z.H.T.H.Td.Z.H.Td.Z.H.Td.Z.H.T.H.T.H.Td.Z.H.T.H.Td.Z.H.T.H.Td.Z.H.T.H.Td.Z.H.T.H.Td.Z.H.T.H.T.H.T.H.Td.Z.H.Td.Z.H.T.H.T.H.T.H.Td.Z.H.Td.Z.H.Td.Z.H.Td.Z.H.Td.Z.H.T.H.Td.Z.H.T.H.Td.Z.H.Td.Z.H.Td.Z.H.T.H.Td.Z.H.Td.Z.H.T.H.Td.Z.H.T.H.Td.Z.H.Td.Z.H.T.H.T.H.Td.Z.H.T.H.Td.Z.H.T.H.Td.Z.H.T.H.Td.Z.H.Td.Z.H.T.H.Td.Z.H.T.H.T.H.T.H.Td.Z.H.Td.Z.H.Td.Z.H.Td.Z.H.Td.Z.H.Td.Z.H.T.H.T.H.T.H.Td.Z.H.T.H.Td.Z.H.T.H.T.H.Td.Z.H.Td.Z.H.T.H.Td.Z.H.T.H.Td.Z.H.Td.Z.H.Td.Z.H.T.H.T.H.Td.Z.H.T.H.T.H.T.H.T.H.T.H.Td.Z.H.T.H.Td.Z.H.Td.Z.H.Td.Z.H.T.H.Td.Z.H.T.H.T.H.Td.Z.H.Td.Z.H.T.H.Id
342,6.470416868741608e-14,H.X.T.H.P.T.H.Td.Z.H.Td.Z.H.Td.Z.H.Td.Z.H.Td.Z.H.Td.Z.H.Td.Z.H.T.H.Td.Z.H.T.H.Td.Z.H.Td.Z.H.Td.Z.H.Td.Z.H.T.H.Td.Z.H.T.H.Td.Z.H.Td.Z.H.Td.Z.H.Td.Z.H.Td.Z.H.T.H.Td.Z.H.Td.Z.H.T.H.T.H.T.H.T.H.Td.Z.H.Td.Z.H.T.H.T.H.Td.Z.H.T.H.Td.Z.H.T.H.Td.Z.H.Td.Z.H.Td.Z.H.T.H.T.H.Td.Z.H.T.H.T.H.T.H.T.H.T.H.T.H.Td.Z.H.Td.Z.H.T.H.T.H.T.H.Td.Z.H.Td.Z.H.Td.Z.H.T.H.T.H.Td.Z.H.Td.Z.H.Td.Z.H.Td.Z.H.T.H.Td.Z.H.Td.Z.H.Td.Z.H.T.H.T.H.Td.Z.H.T.H.T.H.T.H.Td.Z.H.T.H.T.H.T.H.T.H.Td.Z.H.T.H.Td.Z.H.T.H.T.H.T.H.Td.Z.H.T.H.Td.Z.H.Td.Z.H.T.H.T.H.T.H.T.H.T.H.T.H.T.H.T.H.T.H.Td.Z.H.Td.Z.H.Td.Z.H.Td.Z.H.Td.Z.H.Td.Z.H.T.H.T.H.Td.Z.H.T.H.Td.Z.H.Td.Z.H.Td.Z.H.T.H.Td.Z.H.T.H.Td.Z.H.Td.Z.H.Td.Z.H.Td.Z.H.Td.Z.H.T.H.T.H.T.H.T.H.Td.Z.H.T.H.Td.Z.H.T.H.Td.Z.H.T.H.P
343,3.3586841510270574e-14,Pd.H.Z.T.H.P.T.H.T.H.Td.Z.H.Td.Z.H.T.H.Td.Z.H.T.H.T.H.T.H.T.H.T.H.Td.Z.H.T.H.T.H.Td.Z.H.T.H.T.H.T.H.T.H.T.H.Td.Z.H.T.H.T.H.T.H.Td.Z.H.Td.Z.H.Td.Z.H.T.H.Td.Z.H.T.H.Td.Z.H.T.H.Td.Z.H.Td.Z.H.Td.Z.H.T.H.Td.Z.H.T.H.Td.Z.H.T.H.Td.Z.H.Td.Z.H.T.H.T.H.Td.Z.H.Td.Z.H.T.H.Td.Z.H.Td.Z.H.Td.Z.H.T.H.T.H.Td.Z.H.Td.Z.H.Td.Z.H.T.H.Td.Z.H.Td.Z.H.T.H.Td.Z.H.Td.Z.H.Td.Z.H.Td.Z.H.T.H.T.H.T.H.Td.Z.H.Td.Z.H.Td.Z.H.T.H.Td.Z.H.T.H.Td.Z.H.T.H.T.H.Td.Z.H.T.H.Td.Z.H.T.H.Td.Z.H.T.H.Td.Z.H.Td.Z.H.Td.Z.H.Td.Z.H.Td.Z.H.T.H.T.H.T.H.T.H.T.H.Td.Z.H.T.H.T.H.Td.Z.H.T.H.Td.Z.H.T.H.Td.Z.H.Td.Z.H.T.H.Td.Z.H.Td.Z.H.T.H.Td.Z.H.T.H.T.H.T.H.Td.Z.H.Td.Z.H.T.H.T.H.T.H.T.H.T.H.T.H.Td.Z.H.Td.Z.H.T.H.T.H.Td.Z.H.T.H.T.H.T.H.Td.Z.H.T.H.T.H.T.H.Td.Z.H.Td.Z.H.T.H.P
344,2.3833486005523886e-14,P.H.Pd.T.H.P.T.H.Td.Z.H.Td.Z.H.T.H.T.H.Td.Z.H.Td.Z.H.T.H.T.H.T.H.Td.Z.H.Td.Z.H.T.H.T.H.T.H.T.H.T.H.T.H.T.H.Td.Z.H.Td.Z.H.T.H.Td.Z.H.Td.Z.H.Td.Z.H.T.H.Td.Z.H.T.H.T.H.Td.Z.H.Td.Z.H.Td.Z.H.T.H.Td.Z.H.Td.Z.H.Td.Z.H.Td.Z.H.T.H.T.H.Td.Z.H.Td.Z.H.Td.Z.H.Td.Z.H.T.H.Td.Z.H.Td.Z.H.Td.Z.H.Td.Z.H.Td.Z.H.Td.Z.H.Td.Z.H.Td.Z.H.T.H.Td.Z.H.Td.Z.H.T.H.Td.Z.H.T.H.T.H.T.H.T.H.Td.Z.H.T.H.T.H.T.H.T.H.T.H.T.H.T.H.Td.Z.H.Td.Z.H.Td.Z.H.Td.Z.H.Td.Z.H.T.H.Td.Z.H.T.H.T.H.Td.Z.H.Td.Z.H.Td.Z.H.T.H.T.H.T.H.T.H.Td.Z.H.T.H.T.H.Td.Z.H.Td.Z.H.T.H.T.H.Td.Z.H.Td.Z.H.T.H.Td.Z.H.T.H.T.H.Td.Z.H.T.H.T.H.Td.Z.H.T.H.Td.Z.H.Td.Z.H.T.H.Td.Z.H.Td.Z.H.Td.Z.H.T.H.Td.Z.H.T.H.Td.Z.H.T.H.T.H.T.H.T.H.T.H.Td.Z.H.T.H.Td.Z.H.Td.Z.H.T.H.T.H.Td.Z.H.T.H.T.H.T.H.Td.Z.H.Td.Z.H.Td.Z.H.T.H.P
345,2.3487467137185557e-14,H.P.T.H.T.H.T.H.T.H.Td.Z.H.T.H.Td.Z.H.Td.Z.H.T.H.T.H.Td.Z.H.Td.Z.H.Td.Z.H.Td.Z.H.T.H.Td.Z.H.T.H.T.H.Td.Z.H.T.H.Td.Z.H.Td.Z.H.T.H.T.H.Td.Z.H.Td.Z.H.T.H.Td.Z.H.Td.Z.H.Td.Z.H.Td.Z.H.Td.Z.H.Td.Z.H.Td.Z.H.T.H.Td.Z.H.Td.Z.H.T.H.T.H.Td.Z.H.T.H.Td.Z.H.Td.Z.H.Td.Z.H.T.H.Td.Z.H.Td.Z.H.T.H.T.H.T.H.Td.Z.H.Td.Z.H.T.H.Td.Z.H.T.H.Td.Z.H.T.H.T.H.Td.Z.H.T.H.T.H.Td.Z.H.T.H.Td.Z.H.Td.Z.H.T.H.T.H.T.H.Td.Z.H.T.H.Td.Z.H.Td.Z.H.T.H.Td.Z.H.Td.Z.H.T.H.T.H.Td.Z.H.T.H.Td.Z.H.T.H.T.H.T.H.Td.Z.H.T.H.T.H.Td.Z.H.T.H.Td.Z.H.Td.Z.H.Td.Z.H.T.H.T.H.T.H.Td.Z.H.Td.Z.H.Td.Z.H.T.H.T.H.T.H.T.H.Td.Z.H.T.H.Td.Z.H.Td.Z.H.T.H.Td.Z.H.T.H.T.H.T.H.Td.Z.H.T.H.Td.Z.H.T.H.Td.Z.H.T.H.T.H.T.H.Td.Z.H.Td.Z.H.Td.Z.H.Td.Z.H.T.H.Td.Z.H.T.H.Td.Z.H.Td.Z.H.Td.Z.H.T.H.T.H.T.H.T.H.Td.Z.H.Td.Z.H.Td.Z.H.P
346,1.599229606316582e-14,P.H.Pd.T.H.P.T.H.Td.Z.H.T.H.Td.Z.H.T.H.Td.Z.H.Td.Z.H.Td.Z.H.Td.Z.H.T.H.T.H.Td.Z.H.T.H.T.H.T.H.Td.Z.H.Td.Z.H.Td.Z.H.Td.Z.H.T.H.T.H.Td.Z.H.Td.Z.H.Td.Z.H.T.H.T.H.T.H.Td.Z.H.T.H.T.H.Td.Z.H.Td.Z.H.Td.Z.H.T.H.Td.Z.H.T.H.Td.Z.H.Td.Z.H.Td.Z.H.T.H.T.H.T.H.T.H.T.H.Td.Z.H.Td.Z.H.Td.Z.H.Td.Z.H.T.H.T.H.Td.Z.H.Td.Z.H.Td.Z.H.Td.Z.H.T.H.Td.Z.H.Td.Z.H.Td.Z.H.Td.Z.H.Td.Z.H.T.H.Td.Z.H.T.H.T.H.T.H.T.H.Td.Z.H.T.H.T.H.Td.Z.H.Td.Z.H.T.H.T.H.Td.Z.H.Td.Z.H.Td.Z.H.Td.Z.H.Td.Z.H.T.H.T.H.T.H.Td.Z.H.Td.Z.H.Td.Z.H.T.H.T.H.T.H.Td.Z.H.T.H.T.H.T.H.Td.Z.H.Td.Z.H.T.H.Td.Z.H.T.H.T.H.T.H.Td.Z.H.Td.Z.H.Td.Z.H.T.H.Td.Z.H.T.H.T.H.T.H.T.H.T.H.Td.Z.H.Td.Z.H.T.H.Td.Z.H.T.H.Td.Z.H.Td.Z.H.T.H.T.H.Td.Z.H.T.H.Td.Z.H.Td.Z.H.T.H.T.H.T.H.Td.Z.H.Td.Z.H.Td.Z.H.Td.Z.H.T.H.Td.Z.H.Td.Z.H.Td.Z.H.Td.Z.H.T.H.T.H.P
347,9.895659269796706e-15,H.X.T.H.T.H.Td.Z.H.T.H.Td.Z.H.T.H.T.H.T.H.Td.Z.H.Td.Z.H.T.H.T.H.T.H.T.H.T.H.Td.Z.H.T.H.Td.Z.H.Td.Z.H.T.H.Td.Z.H.T.H.T.H.T.H.Td.Z.H.Td.Z.H.T.H.T.H.Td.Z.H.Td.Z.H.T.H.T.H.Td.Z.H.Td.Z.H.T.H.T.H.Td.Z.H.T.H.T.H.T.H.T.H.Td.Z.H.Td.Z.H.Td.Z.H.Td.Z.H.T.H.Td.Z.H.Td.Z.H.Td.Z.H.T.H.Td.Z.H.Td.Z.H.T.H.Td.Z.H.T.H.Td.Z.H.Td.Z.H.Td.Z.H.T.H.T.H.Td.Z.H.Td.Z.H.T.H.T.H.T.H.Td.Z.H.T.H.T.H.T.H.T.H.T.H.T.H.Td.Z.H.T.H.T.H.Td.Z.H.Td.Z.H.Td.Z.H.T.H.T.H.Td.Z.H.T.H.Td.Z.H.T.H.Td.Z.H.Td.Z.H.T.H.T.H.Td.Z.H.Td.Z.H.T.H.T.H.Td.Z.H.Td.Z.H.Td.Z.H.Td.Z.H.Td.Z.H.T.H.Td.Z.H.Td.Z.H.T.H.Td.Z.H.Td.Z.H.Td.Z.H.Td.Z.H.Td.Z.H.Td.Z.H.Td.Z.H.Td.Z.H.T.H.T.H.Td.Z.H.T.H.Td.Z.H.Td.Z.H.Td.Z.H.T.H.Td.Z.H.T.H.Td.Z.H.Td.Z.H.T.H.Td.Z.H.T.H.Td.Z.H.T.H.T.H.Td.Z.H.T.H.T.H.T.H.T.H.Td.Z.H.T.H.T.H.T.H.T
348,4.365126649616727e-15,Pd.H.Z.T.H.T.H.Td.Z.H.T.H.T.H.Td.Z.H.T.H.T.H.T.H.T.H.Td.Z.H.Td.Z.H.Td.Z.H.Td.Z.H.T.H.Td.Z.H.T.H.Td.Z.H.T.H.Td.Z.H.Td.Z.H.T.H.Td.Z.H.T.H.Td.Z.H.T.H.Td.Z.H.Td.Z.H.Td.Z.H.Td.Z.H.Td.Z.H.Td.Z.H.T.H.T.H.T.H.Td.Z.H.T.H.Td.Z.H.T.H.Td.Z.H.T.H.T.H.T.H.Td.Z.H.Td.Z.H.T.H.Td.Z.H.Td.Z.H.Td.Z.H.Td.Z.H.Td.Z.H.Td.Z.H.T.H.T.H.T.H.T.H.T.H.T.H.T.H.Td.Z.H.Td.Z.H.T.H.Td.Z.H.T.H.Td.Z.H.T.H.T.H.Td.Z.H.T.H.T.H.Td.Z.H.Td.Z.H.T.H.Td.Z.H.T.H.Td.Z.H.T.H.T.H.Td.Z.H.T.H.T.H.T.H.T.H.Td.Z.H.T.H.Td.Z.H.Td.Z.H.Td.Z.H.Td.Z.H.Td.Z.H.Td.Z.H.Td.Z.H.Td.Z.H.Td.Z.H.T.H.T.H.T.H.Td.Z.H.Td.Z.H.T.H.Td.Z.H.T.H.T.H.T.H.Td.Z.H.T.H.T.H.T.H.Td.Z.H.Td.Z.H.Td.Z.H.Td.Z.H.Td.Z.H.Td.Z.H.T.H.T.H.Td.Z.H.Td.Z.H.T.H.T.H.T.H.T.H.Td.Z.H.Td.Z.H.Td.Z.H.Td.Z.H.Td.Z.H.T.H.Td.Z.H.T.H.Td.Z.H.T.H.T.H.T.H.Td.Z.H.T.H.Td.Z.H.T
349,2.369336654433213e-15,H.P.T.H.P.T.H.Td.Z.H.Td.Z.H.Td.Z.H.T.H.Td.Z.H.Td.Z.H.Td.Z.H.T.H.T.H.Td.Z.H.Td.Z.H.T.H.T.H.T.H.T.H.T.H.Td.Z.H.T.H.Td.Z.H.Td.Z.H.Td.Z.H.T.H.T.H.Td.Z.H.T.H.Td.Z.H.T.H.Td.Z.H.Td.Z.H.T.H.Td.Z.H.Td.Z.H.Td.Z.H.T.H.Td.Z.H.Td.Z.H.Td.Z.H.Td.Z.H.T.H.Td.Z.H.Td.Z.H.Td.Z.H.Td.Z.H.Td.Z.H.Td.Z.H.Td.Z.H.T.H.Td.Z.H.T.H.T.H.T.H.Td.Z.H.Td.Z.H.Td.Z.H.T.H.T.H.T.H.T.H.T.H.Td.Z.H.Td.Z.H.T.H.Td.Z.H.Td.Z.H.T.H.Td.Z.H.T.H.T.H.T.H.Td.Z.H.Td.Z.H.Td.Z.H.Td.Z.H.Td.Z.H.Td.Z.H.T.H.Td.Z.H.Td.Z.H.Td.Z.H.T.H.Td.Z.H.Td.Z.H.T.H.T.H.Td.Z.H.T.H.Td.Z.H.T.H.Td.Z.H.Td.Z.H.Td.Z.H.Td.Z.H.Td.Z.H.T.H.Td.Z.H.T.H.T.H.Td.Z.H.Td.Z.H.Td.Z.H.Td.Z.H.T.H.Td.Z.H.T.H.Td.Z.H.T.H.T.H.Td.Z.H.Td.Z.H.T.H.Td.Z.H.T.H.Td.Z.H.T.H.Td.Z.H.Td.Z.H.T.H.T.H.T.H.T.H.T.H.Td.Z.H.T.H.Td.Z.H.Td.Z.H.T.H.Td.Z.H.Td.Z.H.T.H.T.H.Td.Z.H.T.H.Td.Z.H.T.H.T.H.Td.Z.H.Td.Z.H.T.H.Td.Z.H.Td.Z.H.T.H.T.H.Id
350,1.795255791699553e-15,H.Y.T.H.P.T.H.T.H.Td.Z.H.Td.Z.H.T.H.Td.Z.H.T.H.T.H.Td.Z.H.Td.Z.H.Td.Z.H.T.H.Td.Z.H.Td.Z.H.Td.Z.H.Td.Z.H.Td.Z.H.T.H.Td.Z.H.T.H.T.H.T.H.T.H.T.H.T.H.Td.Z.H.Td.Z.H.T.H.T.H.Td.Z.H.Td.Z.H.Td.Z.H.Td.Z.H.Td.Z.H.T.H.T.H.Td.Z.H.Td.Z.H.Td.Z.H.T.H.T.H.Td.Z.H.Td.Z.H.T.H.Td.Z.H.Td.Z.H.T.H.T.H.Td.Z.H.Td.Z.H.Td.Z.H.T.H.T.H.Td.Z.H.Td.Z.H.Td.Z.H.T.H.T.H.Td.Z.H.T.H.T.H.Td.Z.H.Td.Z.H.T.H.T.H.Td.Z.H.T.H.T.H.Td.Z.H.Td.Z.H.Td.Z.H.Td.Z.H.Td.Z.H.Td.Z.H.T.H.Td.Z.H.Td.Z.H.T.H.T.H.T.H.T.H.Td.Z.H.T.H.Td.Z.H.Td.Z.H.T.H.T.H.T.H.Td.Z.H.T.H.T.H.T.H.Td.Z.H.Td.Z.H.T.H.Td.Z.H.Td.Z.H.T.H.Td.Z.H.T.H.Td.Z.H.Td.Z.H.Td.Z.H.T.H.Td.Z.H.Td.Z.H.T.H.Td.Z.H.T.H.Td.Z.H.Td.Z.H.Td.Z.H.T.H.T.H.T.H.Td.Z.H.T.H.T.H.Td.Z.H.T.H.T.H.T.H.T.H.T.H.T.H.Td.Z.H.T.H.T.H.T.H.T.H.T.H.Td.Z.H.Td.Z.H.T.H.Td.Z.H.T.H.Td.Z.H.T.H.Td.Z.H.T.H.T.H.Td.Z.H.Td.Z.H.T.H.T.H.Id
351,1.5422148840610999e-15,Pd.H.T.H.P.T.H.T.H.T.H.T.H.Td.Z.H.Td.Z.H.T.H.T.H.T.H.Td.Z.H.T.H.T.H.T.H.T.H.Td.Z.H.Td.Z.H.T.H.Td.Z.H.T.H.Td.Z.H.Td.Z.H.Td.Z.H.T.H.T.H.T.H.Td.Z.H.Td.Z.H.T.H.T.H.Td.Z.H.T.H.Td.Z.H.Td.Z.H.Td.Z.H.Td.Z.H.T.H.Td.Z.H.T.H.Td.Z.H.T.H.T.H.T.H.Td.Z.H.T.H.Td.Z.H.Td.Z.H.Td.Z.H.Td.Z.H.T.H.T.H.Td.Z.H.Td.Z.H.Td.Z.H.T.H.T.H.T.H.T.H.T.H.Td.Z.H.Td.Z.H.Td.Z.H.Td.Z.H.Td.Z.H.Td.Z.H.Td.Z.H.T.H.T.H.T.H.T.H.T.H.T.H.Td.Z.H.T.H.Td.Z.H.T.H.Td.Z.H.Td.Z.H.T.H.Td.Z.H.T.H.T.H.T.H.Td.Z.H.T.H.Td.Z.H.T.H.Td.Z.H.T.H.Td.Z.H.T.H.Td.Z.H.T.H.T.H.Td.Z.H.Td.Z.H.T.H.T.H.Td.Z.H.T.H.T.H.T.H.Td.Z.H.T.H.Td.Z.H.Td.Z.H.T.H.Td.Z.H.T.H.T.H.T.H.T.H.T.H.Td.Z.H.T.H.T.H.Td.Z.H.T.H.T.H.T.H.T.H.Td.Z.H.T.H.T.H.T.H.T.H.Td.Z.H.Td.Z.H.Td.Z.H.T.H.Td.Z.H.T.H.T.H.Td.Z.H.Td.Z.H.Td.Z.H.T.H.T.H.T.H.Td.Z.H.Td.Z.H.Td.Z.H.T.H.Td.Z.H.Td.Z.H.Td.Z.H.Td.Z
352,1.476906473014683e-15,H.Pd.X.T.H.T.H.T.H.Td.Z.H.Td.Z.H.Td.Z.H.T.H.Td.Z.H.Td.Z.H.T.H.T.H.Td.Z.H.Td.Z.H.T.H.Td.Z.H.Td.Z.H.Td.Z.H.T.H.T.H.Td.Z.H.Td.Z.H.Td.Z.H.Td.Z.H.T.H.Td.Z.H.Td.Z.H.T.H.T.H.Td.Z.H.Td.Z.H.T.H.Td.Z.H.Td.Z.H.T.H.Td.Z.H.Td.Z.H.T.H.Td.Z.H.Td.Z.H.T.H.Td.Z.H.Td.Z.H.T.H.T.H.T.H.Td.Z.H.Td.Z.H.Td.Z.H.T.H.Td.Z.H.Td.Z.H.T.H.Td.Z.H.T.H.T.H.Td.Z.H.T.H.Td.Z.H.T.H.Td.Z.H.Td.Z.H.T.H.T.H.T.H.Td.Z.H.Td.Z.H.Td.Z.H.T.H.Td.Z.H.Td.Z.H.T.H.T.H.Td.Z.H.T.H.Td.Z.H.T.H.T.H.T.H.Td.Z.H.Td.Z.H.Td.Z.H.T.H.T.H.T.H.T.H.Td.Z.H.T.H.T.H.Td.Z.H.T.H.Td.Z.H.T.H.Td.Z.H.T.H.T.H.T.H.T.H.Td.Z.H.Td.Z.H.Td.Z.H.T.H.Td.Z.H.T.H.Td.Z.H.Td.Z.H.Td.Z.H.Td.Z.H.Td.Z.H.Td.Z.H.Td.Z.H.Td.Z.H.Td.Z.H.T.H.T.H.Td.Z.H.T.H.T.H.T.H.T.H.T.H.Td.Z.H.T.H.Td.Z.H.Td.Z.H.Td.Z.H.Td.Z.H.Td.Z.H.T.H.Td.Z.H.Td.Z.H.Td.Z.H.T.H.T.H.T.H.Td.Z.H.Td.Z.H.Td.Z.H.T.H.Td.Z.H.T.H.Td.Z.H.T.H.Td.Z.H.T.H.Td.Z.H.Td.Z.H.T.H.T.H.Id
353,1.1879231590461731e-15,H.Pd.T.H.T.H.T.H.T.H.T.H.T.H.Td.Z.H.T.H.Td.Z.H.Td.Z.H.Td.Z.H.T.H.Td.Z.H.Td.Z.H.T.H.T.H.Td.Z.H.Td.Z.H.Td.Z.H.Td.Z.H.Td.Z.H.T.H.T.H.Td.Z.H.Td.Z.H.T.H.Td.Z.H.Td.Z.H.Td.Z.H.Td.Z.H.Td.Z.H.Td.Z.H.Td.Z.H.T.H.T.H.T.H.T.H.T.H.T.H.T.H.T.H.T.H.T.H.Td.Z.H.Td.Z.H.Td.Z.H.T.H.Td.Z.H.Td.Z.H.T.H.T.H.Td.Z.H.Td.Z.H.T.H.T.H.T.H.T.H.Td.Z.H.T.H.Td.Z.H.Td.Z.H.T.H.Td.Z.H.T.H.Td.Z.H.T.H.T.H.Td.Z.H.T.H.Td.Z.H.T.H.Td.Z.H.T.H.Td.Z.H.T.H.Td.Z.H.T.H.T.H.Td.Z.H.Td.Z.H.Td.Z.H.Td.Z.H.T.H.Td.Z.H.Td.Z.H.Td.Z.H.Td.Z.H.T.H.Td.Z.H.T.H.T.H.Td.Z.H.T.H.T.H.Td.Z.H.T.H.T.H.Td.Z.H.Td.Z.H.Td.Z.H.Td.Z.H.Td.Z.H.T.H.T.H.T.H.T.H.Td.Z.H.Td.Z.H.T.H.Td.Z.H.T.H.T.H.T.H.Td.Z.H.T.H.T.H.Td.Z.H.T.H.Td.Z.H.T.H.Td.Z.H.Td.Z.H.T.H.T.H.T.H.T.H.T.H.T.H.T.H.T.H.Td.Z.H.Td.Z.H.T.H.T.H.T.H.Td.Z.H.T.H.Td.Z.H.Td.Z.H.T.H.T.H.T.H.Td.Z.H.T.H.T.H.Td.Z.H.Td.Z.H.T.H.Td.Z
